﻿<?xml version="1.0" encoding="UTF-8"?>
<addon
  id="screensaver.pyro"
  version="1.0.0"
  name="Pyro"
  provider-name="spiff">
  <requires>
    <c-pluff version="0.1"/>
  </requires>
  <extension
    point="xbmc.ui.screensaver"
    library_linux="screensaver.pyro.so"
    library_windx="screensaver.pyro.dll"
    library_osx="screensaver.pyro.dylib"/>
  <extension point="xbmc.addon.metadata">
    <summary>Pyro screensaver</summary>
    <description>Pyro screensaver</description>
    <platform>linux osx windx</platform>
  </extension>
</addon>
