﻿<?xml version="1.0" encoding="UTF-8"?>
<addon
  id="screensaver.biogenesis"
  version="1.0.0"
  name="BioGensis"
  provider-name="spiff">
  <requires>
    <c-pluff version="0.1"/>
  </requires>
  <extension
    point="xbmc.ui.screensaver"
    library_linux="screensaver.biogenesis.so"
    library_windx="screensaver.biogenesis.dll"
    library_osx="screensaver.biogenesis.dylib"/>
  <extension point="xbmc.addon.metadata">
    <summary>BioGenesis screensaver</summary>
    <description>BioGenesis screensaver</description>
    <platform>linux osx windx</platform>
  </extension>
</addon>
