<?xml version="1.0" encoding="UTF-8"?>
    <addon id="repository.Krypton" name="Emerald" version="1.0.0" provider-name="Rockford">
        <requires>
            <import addon="xbmc.addon" version="12.0.0"/>
        </requires>
        <extension point="xbmc.addon.repository" name="Emerald">
            <info compressed="false">https://raw.githubusercontent.com/Rockford11/Krypton/master/_repo/addons.xml</info>
            <checksum>https://raw.githubusercontent.com/Rockford11/Krypton/master/_repo/addons.xml.md5</checksum>
            <datadir zip="true">https://raw.githubusercontent.com/Rockford11/Krypton/master/_repo/</datadir>
            <hashes>false</hashes>
        </extension>
        <extension point="xbmc.addon.metadata">
            <summary>build</summary>
            <description>build of kodi ment for Fire TV and Stick</description>
            <platform>all</platform>
    </extension>
</addon>