﻿<?xml version="1.0" encoding="UTF-8"?>
<addon
  id="screensaver.stars"
  version="1.0.0"
  name="Stars"
  provider-name="spiff">
  <requires>
    <c-pluff version="0.1"/>
  </requires>
  <extension
    point="xbmc.ui.screensaver"
    library_linux="screensaver.stars.so"
    library_windx="screensaver.stars.dll"
    library_osx="screensaver.stars.dylib"/>
  <extension point="xbmc.addon.metadata">
    <summary>Stars screensaver</summary>
    <description>Stars screensaver</description>
    <platform>linux osx windx</platform>
  </extension>
</addon>
